<?xml version="1.0" encoding="UTF-8"?>
<!DOCTYPE suite SYSTEM "https://testng.org/testng-1.0.dtd">
<suite name="Suite" parallel ="tests">
  <test  name="Test_chrome">
  <parameter name="browserName" value="chrome"/>
  <classes>
  <class name="TestNG.Example12_multibrowser_parallel"/>
  </classes>
  </test> <!-- Test -->
   <test  name="Test_Firefox">
  <parameter name="browserName" value="Firefox"/>
  <classes>
  <class name="TestNG.Example12_multibrowser_parallel"/>
  </classes>
  </test> <!-- Test -->
</suite> <!-- Suite -->
