<?xml version="1.0" encoding="UTF-8"?>
<!DOCTYPE suite SYSTEM "https://testng.org/testng-1.0.dtd">
<suite name="Suite" parallel="tests">
  <test name="Test1">
  <parameter name="browserName" value="chrome"/>
    <classes>
      <class name="TestNG.Example12_multibrowser_CT"/>
    </classes>
  </test> <!-- Test -->
   <test name="Test2">
  <parameter name="browserName" value="Firefox"/>
    <classes>
      <class name="TestNG.Example12_multibrowser_CT"/>
    </classes>
  </test> <!-- Test -->
</suite> <!-- Suite -->
