<?xml version="1.0" encoding="UTF-8"?>
<!DOCTYPE suite SYSTEM "https://testng.org/testng-1.0.dtd">
<suite name="Suite">
  <test  name="Test1">
    <classes>
 
      <class name="TestNG.Example12_Parellel1"/>
    </classes>
  </test> <!-- Test -->
   <test  name="Test2">
    <classes>
      <class name="TestNG.Example12_parlelle2"/>
    </classes>
  </test> <!-- Test -->
   <test  name="Test3">
    <classes>
      <class name="TestNG.Example12_parallel3"/>
    </classes>
  </test> <!-- Test -->
   
</suite> <!-- Suite -->
